{"eval_loss": 0.009804710745811462,
"eval_accuracy": 0.9989130434782608,
"eval_f1": 0.9988773292558916, 
"eval_matthews_correlation": 0.9981077884437197,
"eval_precision": 0.9987122056942684,
"eval_recall": 0.9990476190476191,
"eval_runtime": 15.061, "eval_samples_per_second": 183.255, "eval_steps_per_second": 11.487, "epoch": 5.0}
